ClimateVariable,Site,AA,ClimateValuen,ClimateValueMean,ClimateValueSE,ClimateValueSD,ClimateValueMedian
PrecWettestMonth_mean,43,T,109,84.29959990528194,0.4247016823886184,46.29248338035941,NA
PrecWettestMonth_mean,43,S,27,77.57652334851487,1.3187141917889893,35.60528317830271,NA
PrecWettestMonth_mean,95,N,64,79.471278062537,0.8313344584426207,53.20540534032772,NA
PrecWettestMonth_mean,95,S,78,85.20818634562312,0.4460779795843813,34.79408240758174,NA
PrecWettestMonth_mean,245,G,69,74.80421820889842,0.4676108701320711,32.2651500391129,NA
PrecWettestMonth_mean,245,A,45,107.21096002583111,1.232242146813528,55.450896606608765,NA
PrecWettestMonth_mean,309,I,16,64.42595098579073,0.9271601109010519,14.83456177441683,NA
PrecWettestMonth_mean,309,M,97,91.87865927009935,0.49242109512851445,47.7648462274659,NA
PrecWettestMonth_mean,340,D,42,95.22615260610074,1.471088815545437,61.78573025290835,NA
PrecWettestMonth_mean,340,E,71,83.71192613402899,0.45377149283438506,32.21777599124134,NA
ElectricalCond_mean,43,T,86,1.8942145465007376,0.022137404029656506,1.9038167465504596,1.5101604278074867
ElectricalCond_mean,43,S,15,1.2184645958864933,0.03781012980759471,0.5671519471139207,1.0425531914893618
ElectricalCond_mean,95,N,48,1.7150261235764241,0.03077031670074373,1.476975201635699,1.4641577060931898
ElectricalCond_mean,95,S,58,1.8705949162504096,0.03404764236817479,1.974763257354138,1.4060594512195121
ElectricalCond_mean,245,G,53,1.961029841643056,0.04090384233307459,2.1679036436529535,1.3902439024390243
ElectricalCond_mean,245,A,29,1.7143612022044206,0.0521135811823818,1.5112938542890724,1.318181818181818
ElectricalCond_mean,309,I,13,1.1816985550282957,0.05496354823042086,0.7145261269954711,1
ElectricalCond_mean,309,M,67,2.0315331706037814,0.03151314951978114,2.1113810178253365,1.490909090909091
ElectricalCond_mean,340,D,31,1.6383637765335135,0.03542793550667926,1.098266000707057,1.4444444444444444
ElectricalCond_mean,340,E,49,2.0548066647608625,0.048288648754012946,2.3661437889466344,1.3529411764705883
